season,contestant,tau_T_mean,tau_T_q05,tau_T_q95,tau_pi_mean,tau_pi_q05,tau_pi_q95,in_controversy,in_skill_top,in_pop_top,in_exo_controversy,exo_quad,P_cele
1,0,0.17,0.0,6.0,-0.045,-1.0,0.0,True,True,True,False,G2_highS_lowP,10.019936365179374
1,1,-0.16,-4.0,4.0,0.085,-4.0,4.0,True,True,True,False,G1_highS_highP,12.274002285319908
1,2,0.155,-0.049999999999998934,2.0,-0.155,-2.0,0.04999999999998295,True,False,True,True,G3_lowS_highP,12.6060560900691
1,3,-0.02,-1.0,1.0,0.02,-1.0,1.0,False,True,False,False,G2_highS_lowP,9.914427492574463
1,4,-0.09,-1.0,0.04999999999998295,0.04,-0.049999999999998934,1.0,True,True,True,True,G1_highS_highP,12.794495219310487
1,5,-0.055,-1.0,1.0,0.055,-1.0,1.0,False,False,False,False,G3_lowS_highP,11.733489692687487
1,6,0.0,0.0,0.0,0.0,0.0,0.0,True,False,False,False,,nan
1,7,0.0,0.0,0.0,0.0,0.0,0.0,True,False,False,False,,nan
1,8,0.0,0.0,0.0,0.0,0.0,0.0,True,False,False,False,,nan
1,9,0.0,0.0,0.0,0.0,0.0,0.0,True,False,False,False,,nan
1,10,0.0,0.0,0.0,0.0,0.0,0.0,True,False,False,False,,nan
1,11,0.0,0.0,0.0,0.0,0.0,0.0,True,False,False,False,,nan
1,12,0.0,0.0,0.0,0.0,0.0,0.0,True,False,False,False,,nan
1,13,0.0,0.0,0.0,0.0,0.0,0.0,True,False,False,False,,nan
1,14,0.0,0.0,0.0,0.0,0.0,0.0,True,False,False,False,,nan
1,15,0.0,0.0,0.0,0.0,0.0,0.0,True,False,False,False,,nan
2,0,0.0,0.0,0.0,0.0,0.0,0.0,True,False,False,False,,nan
2,1,0.0,0.0,0.0,0.0,0.0,0.0,False,False,False,False,G2_highS_lowP,10.545209851103886
2,2,0.0,0.0,0.0,0.0,0.0,0.0,True,False,False,False,,nan
2,3,0.0,0.0,0.0,0.0,0.0,0.0,False,True,True,False,G1_highS_highP,13.391976688545174
2,4,0.0,0.0,0.0,0.0,0.0,0.0,False,True,True,False,G1_highS_highP,12.854439486816599
2,5,0.0,0.0,0.0,0.0,0.0,0.0,True,False,True,True,G3_lowS_highP,13.451996566677789
2,6,0.0,0.0,0.0,0.0,0.0,0.0,False,False,False,False,,nan
2,7,0.0,0.0,0.0,0.0,0.0,0.0,True,False,False,False,G4_lowS_lowP,12.204896954676451
2,8,0.0,0.0,0.0,0.0,0.0,0.0,False,True,True,False,,nan
2,9,0.0,0.0,0.0,0.0,0.0,0.0,False,True,False,False,,nan
2,10,0.0,0.0,0.0,0.0,0.0,0.0,False,False,False,False,,nan
2,11,0.0,0.0,0.0,0.0,0.0,0.0,False,False,False,False,,nan
2,12,0.0,0.0,0.0,0.0,0.0,0.0,False,False,False,False,,nan
2,13,0.0,0.0,0.0,0.0,0.0,0.0,False,False,False,False,,nan
2,14,0.0,0.0,0.0,0.0,0.0,0.0,False,False,False,False,,nan
2,15,0.0,0.0,0.0,0.0,0.0,0.0,False,False,False,False,,nan
3,0,0.0,0.0,0.0,0.0,0.0,0.0,False,False,False,False,,nan
3,1,0.0,0.0,0.0,0.0,0.0,0.0,False,False,False,True,G1_highS_highP,13.39953894936928
3,2,0.005,0.0,0.0,-0.005,0.0,0.0,True,False,True,True,G3_lowS_highP,12.954663993671405
3,3,-0.005,0.0,0.0,0.005,0.0,0.0,True,False,True,False,,nan
3,4,0.0,0.0,0.0,0.0,0.0,0.0,False,True,True,True,G1_highS_highP,14.102314494967956
3,5,0.0,0.0,0.0,0.0,0.0,0.0,True,False,True,True,G3_lowS_highP,13.570981201789381
3,6,0.0,0.0,0.0,0.0,0.0,0.0,False,True,False,False,G2_highS_lowP,11.815597130038771
3,7,0.01,-1.0,1.0,-0.01,-1.0,1.0,False,True,False,False,G2_highS_lowP,10.089967119478747
3,8,-0.01,-1.0,1.0,0.01,-1.0,1.0,True,False,False,False,,nan
3,9,0.005,0.0,0.0,-0.005,0.0,0.0,True,False,False,True,G4_lowS_lowP,11.406252977943106
3,10,-0.005,0.0,0.0,0.005,0.0,0.0,False,True,False,False,G1_highS_highP,15.86283210660172
3,11,0.0,0.0,0.0,0.0,0.0,0.0,False,False,False,False,,nan
3,12,0.0,0.0,0.0,0.0,0.0,0.0,False,False,False,False,,nan
3,13,0.0,0.0,0.0,0.0,0.0,0.0,False,False,False,False,,nan
3,14,0.0,0.0,0.0,0.0,0.0,0.0,False,False,False,False,,nan
3,15,0.0,0.0,0.0,0.0,0.0,0.0,False,False,False,False,,nan
4,0,-0.685,-5.049999999999999,0.0,0.685,0.0,5.049999999999983,True,False,False,False,,nan
4,1,0.06,0.0,0.0,-0.06,0.0,0.0,False,False,True,False,G4_lowS_lowP,11.499455146222237
4,2,-0.445,-4.049999999999999,0.04999999999998295,0.445,-0.049999999999998934,4.049999999999983,True,False,False,False,,nan
4,3,-0.02,0.0,0.0,0.02,0.0,0.0,False,True,True,False,G1_highS_highP,11.82049104380033
4,4,0.03,0.0,0.0,-0.03,0.0,0.0,False,True,True,False,G1_highS_highP,12.454135125286806
4,5,-0.115,-3.0,2.0,0.115,-2.0,3.0,False,True,False,False,G2_highS_lowP,9.373733918884618
4,6,-0.085,-1.0,1.0,0.085,-1.0,1.0,False,False,False,True,G4_lowS_lowP,11.637794447016098
4,7,0.99,-0.049999999999998934,6.0,-0.99,-6.0,0.04999999999998295,False,False,False,False,,nan
4,8,0.07,-2.099999999999998,5.0,-0.07,-5.0,2.099999999999966,True,False,False,True,G3_lowS_highP,14.265163509761777
4,9,-0.075,0.0,0.0,0.075,0.0,0.0,False,True,True,False,G1_highS_highP,12.195992006187224
4,10,0.275,0.0,4.0,-0.275,-4.0,0.0,True,False,False,False,,nan
4,11,0.0,0.0,0.0,0.0,0.0,0.0,False,False,False,False,,nan
4,12,0.0,0.0,0.0,0.0,0.0,0.0,False,False,False,False,,nan
4,13,0.0,0.0,0.0,0.0,0.0,0.0,False,False,False,False,,nan
4,14,0.0,0.0,0.0,0.0,0.0,0.0,False,False,False,False,,nan
4,15,0.0,0.0,0.0,0.0,0.0,0.0,False,False,False,False,,nan
5,0,0.0,0.0,0.0,0.0,0.0,0.0,False,False,False,False,,nan
5,1,0.0,0.0,0.0,0.0,0.0,0.0,False,False,False,False,,nan
5,2,0.0,0.0,0.0,0.0,0.0,0.0,False,True,False,False,G2_highS_lowP,11.073722584877205
5,3,0.0,0.0,0.0,0.0,0.0,0.0,True,False,True,True,G1_highS_highP,12.567721698053903
5,4,0.0,0.0,0.0,0.0,0.0,0.0,False,False,False,False,,nan
5,5,0.0,0.0,0.0,0.0,0.0,0.0,False,True,False,False,G2_highS_lowP,10.61206507075143
5,6,0.0,0.0,0.0,0.0,0.0,0.0,False,False,False,False,,nan
5,7,0.0,0.0,0.0,0.0,0.0,0.0,True,True,True,False,G1_highS_highP,12.05466819137094
5,8,0.0,0.0,0.0,0.0,0.0,0.0,False,True,True,False,,nan
5,9,0.0,0.0,0.0,0.0,0.0,0.0,False,False,False,False,,nan
5,10,0.0,0.0,0.0,0.0,0.0,0.0,True,False,True,False,G3_lowS_highP,12.390691561372812
5,11,0.0,0.0,0.0,0.0,0.0,0.0,True,False,False,True,G3_lowS_highP,16.000652769942786
5,12,0.0,0.0,0.0,0.0,0.0,0.0,False,False,False,False,,nan
5,13,0.0,0.0,0.0,0.0,0.0,0.0,False,False,False,False,,nan
5,14,0.0,0.0,0.0,0.0,0.0,0.0,False,False,False,False,,nan
5,15,0.0,0.0,0.0,0.0,0.0,0.0,False,False,False,False,,nan
6,0,-0.005,0.0,0.0,0.015,0.0,0.0,True,False,True,False,G1_highS_highP,13.367830297842458
6,1,0.705,0.0,3.0,-0.9725,-4.0,0.0,False,True,False,False,G2_highS_lowP,10.357711078278063
6,2,-0.025,0.0,0.0,0.0275,0.0,0.0,False,False,False,False,,nan
6,3,0.02,0.0,0.0,-0.02,0.0,0.0,False,False,False,False,G3_lowS_highP,12.92466337616854
6,4,0.065,0.0,0.04999999999998295,-0.0625,-0.049999999999998934,0.0,False,False,False,False,G1_highS_highP,13.24141316594594
6,5,-0.45,-6.0,0.0,0.5225,0.0,6.049999999999983,True,False,False,False,G2_highS_lowP,11.181235773725405
6,6,-0.075,0.0,0.0,0.075,0.0,0.0,True,True,True,False,,nan
6,7,0.05,0.0,0.0,-0.0525,0.0,0.0,False,True,True,False,G2_highS_lowP,10.99122424909553
6,8,-0.185,-2.0,1.0,0.2625,-1.5,3.0,False,False,False,False,G4_lowS_lowP,10.431995911154427
6,9,-0.24,-2.0,0.0,0.3425,0.0,3.0,False,False,False,True,G3_lowS_highP,14.343500626198052
6,10,0.07,0.0,1.0,-0.07,-1.0,0.0,True,False,False,True,G3_lowS_highP,13.566888929413087
6,11,0.07,0.0,0.0,-0.0675,0.0,0.0,False,True,True,False,,nan
6,12,0.0,0.0,0.0,0.0,0.0,0.0,False,False,False,False,,nan
6,13,0.0,0.0,0.0,0.0,0.0,0.0,False,False,False,False,,nan
6,14,0.0,0.0,0.0,0.0,0.0,0.0,False,False,False,False,,nan
6,15,0.0,0.0,0.0,0.0,0.0,0.0,False,False,False,False,,nan
7,0,-0.005,-2.0,2.0,0.005,-2.0,2.0,False,True,False,False,,nan
7,1,-0.01,0.0,0.0,0.01,0.0,0.0,False,False,False,False,G4_lowS_lowP,11.193009415184726
7,2,0.005,0.0,0.0,-0.005,0.0,0.0,False,False,False,False,G2_highS_lowP,11.088629157576872
7,3,0.0,0.0,0.0,0.0,0.0,0.0,True,False,True,False,G2_highS_lowP,11.742536059807348
7,4,0.11,-1.0,2.0,-0.11,-2.0,1.0,False,False,False,False,G4_lowS_lowP,11.912016971429654
7,5,0.0,0.0,0.0,0.0,0.0,0.0,True,False,False,False,,nan
7,6,0.0,0.0,0.0,0.08,0.0,1.0,True,False,True,False,G1_highS_highP,13.843323176319572
7,7,-0.055,-2.0,2.0,0.055,-2.0,2.0,False,True,False,False,,nan
7,8,0.0,0.0,0.0,0.0,0.0,0.0,True,False,False,True,G3_lowS_highP,15.334577492628297
7,9,0.0,0.0,0.0,-0.01,0.0,0.0,True,True,True,False,G1_highS_highP,12.952857744696876
7,10,-0.015,-1.0,2.0,0.015,-2.0,1.0,True,False,False,True,G3_lowS_highP,18.14574497117561
7,11,-0.03,-1.0,1.0,0.03,-1.0,1.0,True,False,False,False,,nan
7,12,0.0,0.0,0.0,-0.07,-1.0,0.0,True,True,True,False,G1_highS_highP,14.841491220041483
7,13,0.0,0.0,0.0,0.0,0.0,0.0,False,False,False,False,,nan
7,14,0.0,0.0,0.0,0.0,0.0,0.0,False,False,False,False,,nan
7,15,0.0,0.0,0.0,0.0,0.0,0.0,False,False,False,False,,nan
8,0,-0.025,0.0,0.0,0.035,0.0,0.0,False,True,True,False,,nan
8,1,-0.035,0.0,0.0,0.0475,0.0,0.0,True,False,False,True,G3_lowS_highP,14.57250914865508
8,2,0.025,-2.0,2.0,-0.0275,-2.5,2.5,False,False,False,False,G2_highS_lowP,12.082582102999877
8,3,-0.2,-3.0,1.0,0.235,-1.0,3.5,False,False,False,False,,nan
8,4,-0.155,-4.0,2.0,0.1925,-2.0,4.049999999999983,True,False,False,False,,nan
8,5,0.03,0.0,0.0,-0.04,-0.049999999999998934,0.0,False,True,True,False,,nan
8,6,-0.43,-3.0,0.0,0.5,0.0,3.5,True,False,False,False,G4_lowS_lowP,13.408732588430567
8,7,-0.19,-2.0,0.0,0.19,0.0,2.0,False,False,False,False,G2_highS_lowP,12.923075503181808
8,8,-0.23,-4.0,1.0,0.2625,-1.0,4.5,False,False,False,False,,nan
8,9,-0.11,-2.0,2.0,0.1325,-2.0,2.0249999999999915,False,True,True,False,G1_highS_highP,14.678268436879083
8,10,1.475,0.0,6.0,-1.7175,-7.0,0.0,False,False,False,True,G1_highS_highP,15.934934181536486
8,11,-0.1,-1.0,0.04999999999998295,0.13,-0.049999999999998934,1.5,True,False,False,False,G3_lowS_highP,14.061078395062147
8,12,-0.055,-0.049999999999998934,0.0,0.06,0.0,0.04999999999998295,False,True,True,False,,nan
8,13,0.0,0.0,0.0,0.0,0.0,0.0,False,False,False,False,,nan
8,14,0.0,0.0,0.0,0.0,0.0,0.0,False,False,False,False,,nan
8,15,0.0,0.0,0.0,0.0,0.0,0.0,False,False,False,False,,nan
9,0,-0.095,-1.0,1.0,0.1,-1.0,1.0,False,True,False,False,,nan
9,1,-0.09,-2.0,2.0,0.12,-2.5,2.5,False,False,False,False,,nan
9,2,-0.005,0.0,0.0,0.0075,0.0,0.0,False,False,False,False,G3_lowS_highP,13.363810393616431
9,3,-0.025,-2.0,2.0,0.01,-2.0,2.0,True,False,False,False,,nan
9,4,0.07,-1.0,1.0,-0.105,-1.5,1.5,False,False,False,True,G3_lowS_highP,13.608059483150669
9,5,0.005,0.0,0.0,-0.01,0.0,0.0,False,False,False,False,G2_highS_lowP,11.592577327042804
9,6,0.0,0.0,0.0,0.0,0.0,0.0,True,False,False,False,,nan
9,7,0.075,-1.049999999999999,2.0,-0.0675,-2.0,1.049999999999983,True,False,False,True,G3_lowS_highP,13.503757079933086
9,8,-0.005,0.0,0.0,0.02,0.0,0.0,False,False,False,False,G1_highS_highP,13.597461507614867
9,9,0.09,0.0,1.0,-0.105,-1.0,0.0,False,True,False,False,G2_highS_lowP,12.469593932696368
9,10,-0.06,-2.0,2.0,0.09,-2.5,2.5,False,False,False,False,,nan
9,11,0.09,-1.0,1.0,-0.1025,-1.0,1.0,False,True,False,False,G2_highS_lowP,12.641934392499005
9,12,-0.05,-1.0,1.0,0.05,-1.0,1.0,False,False,True,False,,nan
9,13,0.0,0.0,0.0,-0.0225,0.0,0.0,False,True,True,False,,nan
9,14,0.0,0.0,0.0,0.015,0.0,0.0,False,False,True,False,G2_highS_lowP,12.256661191640985
9,15,0.0,0.0,0.0,0.0,0.0,0.0,True,False,True,True,G3_lowS_highP,15.021106144866032
10,0,-0.115,-1.0,0.04999999999998295,0.115,-0.049999999999998934,1.0,True,False,False,False,G4_lowS_lowP,9.736842475127181
10,1,-0.135,-2.0,0.0,0.135,0.0,2.0,False,False,False,False,G1_highS_highP,13.288735075448542
10,2,-0.315,-3.099999999999998,0.0,0.315,0.0,3.099999999999966,True,False,False,False,G4_lowS_lowP,13.02183339811917
10,3,0.6,0.0,3.0,-0.6,-3.0,0.0,False,False,False,True,G3_lowS_highP,14.272341557824737
10,4,0.015,0.0,0.0,-0.015,0.0,0.0,True,False,True,True,G1_highS_highP,15.003960503704922
10,5,0.06,0.0,0.0,-0.06,0.0,0.0,False,True,True,False,G2_highS_lowP,10.825660947568439
10,6,0.11,-1.0,2.0,-0.11,-2.0,1.0,False,True,False,False,G1_highS_highP,13.899615465259991
10,7,-0.03,0.0,0.0,0.03,0.0,0.0,False,True,True,False,G1_highS_highP,15.617742663864286
10,8,0.025,0.0,0.0,-0.025,0.0,0.0,False,True,True,False,G1_highS_highP,14.793977648265106
10,9,-0.155,-4.0,2.149999999999949,0.155,-2.149999999999997,4.0,True,False,False,False,G4_lowS_lowP,12.258105166622325
10,10,-0.06,-1.0,0.0,0.06,0.0,1.0,True,False,False,False,,nan
10,11,0.0,0.0,0.0,0.0,0.0,0.0,False,False,False,False,,nan
10,12,0.0,0.0,0.0,0.0,0.0,0.0,False,False,False,False,,nan
10,13,0.0,0.0,0.0,0.0,0.0,0.0,False,False,False,False,,nan
10,14,0.0,0.0,0.0,0.0,0.0,0.0,False,False,False,False,,nan
10,15,0.0,0.0,0.0,0.0,0.0,0.0,False,False,False,False,,nan
11,0,0.0,0.0,0.0,0.0,0.0,0.0,False,True,False,False,G1_highS_highP,13.300010693603387
11,1,0.0,0.0,0.0,0.0,0.0,0.0,False,False,False,False,,nan
11,2,0.0,0.0,0.0,0.0,0.0,0.0,True,False,True,False,G2_highS_lowP,11.819681958463892
11,3,0.0,0.0,0.0,0.0,0.0,0.0,False,True,True,False,G2_highS_lowP,11.570326071701333
11,4,0.0,0.0,0.0,0.0,0.0,0.0,False,False,False,False,,nan
11,5,0.0,0.0,0.0,0.0,0.0,0.0,True,False,True,False,G3_lowS_highP,13.353667143417947
11,6,0.0,0.0,0.0,0.0,0.0,0.0,False,False,False,True,G3_lowS_highP,13.513421197163689
11,7,0.0,0.0,0.0,0.0,0.0,0.0,False,False,False,False,,nan
11,8,0.0,0.0,0.0,0.0,0.0,0.0,False,True,True,False,,nan
11,9,0.0,0.0,0.0,0.0,0.0,0.0,True,False,False,False,,nan
11,10,0.0,0.0,0.0,0.0,0.0,0.0,False,True,False,True,G1_highS_highP,14.470254690991274
11,11,0.0,0.0,0.0,0.0,0.0,0.0,True,False,False,False,,nan
11,12,0.0,0.0,0.0,0.0,0.0,0.0,False,False,False,False,,nan
11,13,0.0,0.0,0.0,0.0,0.0,0.0,False,False,False,False,,nan
11,14,0.0,0.0,0.0,0.0,0.0,0.0,False,False,False,False,,nan
11,15,0.0,0.0,0.0,0.0,0.0,0.0,False,False,False,False,,nan
12,0,0.045,-2.0,2.049999999999983,-0.045,-2.049999999999999,2.0,False,False,False,False,G1_highS_highP,12.789993514529332
12,1,0.01,-1.0,0.0,-0.01,0.0,1.0,False,True,True,False,,nan
12,2,-0.09,-1.049999999999999,0.0,0.09,0.0,1.049999999999983,True,True,True,False,G1_highS_highP,14.271549001351616
12,3,0.03,0.0,0.0,-0.03,0.0,0.0,True,True,True,False,G1_highS_highP,13.104649407344207
12,4,-0.3,-4.0,1.0,0.3,-1.0,4.0,False,False,False,False,G2_highS_lowP,12.508814498091702
12,5,0.06,0.0,1.0,-0.06,-1.0,0.0,True,False,False,True,G3_lowS_highP,15.163175051347348
12,6,0.415,-1.0,4.0,-0.415,-4.0,1.0,False,False,False,False,G2_highS_lowP,10.706206369525365
12,7,-0.135,-2.0,0.04999999999998295,0.135,-0.049999999999998934,2.0,False,False,False,False,G4_lowS_lowP,10.659445199506749
12,8,0.195,-0.049999999999998934,3.049999999999983,-0.195,-3.049999999999999,0.04999999999998295,False,True,True,False,,nan
12,9,0.33,0.0,3.0,-0.33,-3.0,0.0,True,False,False,False,,nan
12,10,-0.56,-5.049999999999999,0.04999999999998295,0.56,-0.049999999999998934,5.049999999999983,True,False,False,True,G3_lowS_highP,14.609154897209788
12,11,0.0,0.0,0.0,0.0,0.0,0.0,False,False,False,False,,nan
12,12,0.0,0.0,0.0,0.0,0.0,0.0,False,False,False,False,,nan
12,13,0.0,0.0,0.0,0.0,0.0,0.0,False,False,False,False,,nan
12,14,0.0,0.0,0.0,0.0,0.0,0.0,False,False,False,False,,nan
12,15,0.0,0.0,0.0,0.0,0.0,0.0,False,False,False,False,,nan
13,0,0.0,0.0,0.0,0.0,0.0,0.0,False,True,False,False,G1_highS_highP,14.196224535103234
13,1,0.0,0.0,0.0,0.0,0.0,0.0,False,False,False,False,G4_lowS_lowP,11.296211201420922
13,2,0.0,0.0,0.0,0.0,0.0,0.0,False,True,True,False,G1_highS_highP,12.375393390146877
13,3,0.0,0.0,0.0,0.0,0.0,0.0,False,True,True,False,G2_highS_lowP,10.801858683107332
13,4,0.0,0.0,0.0,0.0,0.0,0.0,False,True,False,False,,nan
13,5,0.0,0.0,0.0,0.0,0.0,0.0,True,False,True,True,G3_lowS_highP,13.882571831783691
13,6,0.0,0.0,0.0,0.0,0.0,0.0,True,False,False,False,,nan
13,7,0.0,0.0,0.0,0.0,0.0,0.0,False,False,False,False,G1_highS_highP,13.830343011245658
13,8,0.0,0.0,0.0,0.0,0.0,0.0,True,False,False,False,,nan
13,9,0.0,0.0,0.0,0.0,0.0,0.0,False,False,False,False,G4_lowS_lowP,11.920947301860082
13,10,0.0,0.0,0.0,0.0,0.0,0.0,True,False,False,False,,nan
13,11,0.0,0.0,0.0,0.0,0.0,0.0,True,False,True,True,G1_highS_highP,15.78641933550009
13,12,0.0,0.0,0.0,0.0,0.0,0.0,False,False,False,False,,nan
13,13,0.0,0.0,0.0,0.0,0.0,0.0,False,False,False,False,,nan
13,14,0.0,0.0,0.0,0.0,0.0,0.0,False,False,False,False,,nan
13,15,0.0,0.0,0.0,0.0,0.0,0.0,False,False,False,False,,nan
14,0,-0.1,-1.0,0.0,0.1175,0.0,1.0,True,True,True,False,G1_highS_highP,14.90143165304431
14,1,-0.265,-3.0,0.0,0.265,0.0,3.0,False,False,False,False,,nan
14,2,0.025,-0.049999999999998934,0.0,-0.025,0.0,0.04999999999998295,False,False,False,False,,nan
14,3,-0.105,-1.0,0.0,0.1325,0.0,1.5,False,False,False,False,G2_highS_lowP,11.667361818274648
14,4,0.06,-1.0,0.04999999999998295,-0.06,-0.049999999999998934,1.0,True,False,True,False,G2_highS_lowP,12.730037569383523
14,5,-1.11,-8.0,0.0,1.2175,0.0,9.0,True,False,False,False,G4_lowS_lowP,12.034928389326344
14,6,-0.28,-2.0,0.0,0.28,0.0,2.0,False,False,False,True,G3_lowS_highP,13.010316110729669
14,7,0.465,0.0,3.049999999999983,-0.525,-4.049999999999999,0.0,True,True,True,False,,nan
14,8,0.43,0.0,5.0,-0.43,-5.0,0.0,True,False,False,True,G3_lowS_highP,13.47045357765117
14,9,-0.265,-3.0,0.0,0.265,0.0,3.0,True,False,False,False,G3_lowS_highP,12.980972609212339
14,10,-0.08,-2.0,0.0,0.1,0.0,2.0,False,True,True,False,G2_highS_lowP,12.78060237991008
14,11,1.225,0.0,8.0,-1.3375,-9.0,0.0,False,True,False,False,G1_highS_highP,13.332851181524633
14,12,0.0,0.0,0.0,0.0,0.0,0.0,False,False,False,False,,nan
14,13,0.0,0.0,0.0,0.0,0.0,0.0,False,False,False,False,,nan
14,14,0.0,0.0,0.0,0.0,0.0,0.0,False,False,False,False,,nan
14,15,0.0,0.0,0.0,0.0,0.0,0.0,False,False,False,False,,nan
15,0,0.0,0.0,0.0,0.0,0.0,0.0,False,True,False,False,,nan
15,1,0.0,0.0,0.0,0.0,0.0,0.0,False,True,False,False,G2_highS_lowP,11.073722584877205
15,2,0.0,0.0,0.0,0.0,0.0,0.0,False,False,False,True,G3_lowS_highP,14.271549001351616
15,3,0.0,0.0,0.0,0.0,0.0,0.0,True,False,False,False,G3_lowS_highP,12.274002285319908
15,4,0.0,0.0,0.0,0.0,0.0,0.0,True,False,True,False,G1_highS_highP,12.454135125286806
15,5,0.0,0.0,0.0,0.0,0.0,0.0,True,False,True,True,G3_lowS_highP,13.570981201789381
15,6,0.0,0.0,0.0,0.0,0.0,0.0,False,True,True,False,,nan
15,7,0.0,0.0,0.0,0.0,0.0,0.0,False,True,False,False,G1_highS_highP,13.899615465259991
15,8,-0.12,-2.0,1.0,0.12,-1.0,2.0,False,False,False,False,G2_highS_lowP,12.05466819137094
15,9,0.0,0.0,0.0,0.0,0.0,0.0,False,False,False,False,G2_highS_lowP,12.195992006187224
15,10,0.115,-1.0,2.0,-0.115,-2.0,1.0,False,False,False,False,,nan
15,11,0.005,-1.0,1.0,-0.005,-1.0,1.0,False,False,False,False,,nan
15,12,0.0,0.0,0.0,0.0,0.0,0.0,True,False,True,False,,nan
15,13,0.0,0.0,0.0,0.0,0.0,0.0,False,False,False,False,,nan
15,14,0.0,0.0,0.0,0.0,0.0,0.0,False,False,False,False,,nan
15,15,0.0,0.0,0.0,0.0,0.0,0.0,False,False,False,False,,nan
16,0,-0.485,-5.0,3.0,0.485,-3.0,5.0,False,False,False,False,,nan
16,1,-0.03,0.0,0.0,0.03,0.0,0.0,False,True,True,False,G1_highS_highP,18.794053462863047
16,2,0.28,0.0,1.0,-0.28,-1.0,0.0,True,False,False,False,,nan
16,3,0.005,0.0,0.0,-0.005,0.0,0.0,True,False,False,False,G4_lowS_lowP,11.632635531598089
16,4,0.12,0.0,1.0,-0.12,-1.0,0.0,False,True,True,False,G1_highS_highP,13.837189854587036
16,5,0.005,0.0,0.0,-0.005,0.0,0.0,True,True,True,False,,nan
16,6,0.425,0.0,5.0,-0.425,-5.0,0.0,False,False,False,False,G2_highS_lowP,13.542907556058434
16,7,-0.155,-4.049999999999999,3.0,0.155,-3.0,4.049999999999983,True,False,False,False,G4_lowS_lowP,11.785346680653955
16,8,-0.155,-2.0,2.0,0.155,-2.0,2.0,False,False,False,True,G4_lowS_lowP,11.760277609317216
16,9,0.02,0.0,0.0,-0.02,0.0,0.0,False,True,True,False,G1_highS_highP,14.099943357240846
16,10,0.195,-1.0,2.0,-0.195,-2.0,1.0,False,False,False,True,G3_lowS_highP,14.403297778421795
16,11,-0.225,-4.0,2.0,0.225,-2.0,4.0,False,False,False,False,G1_highS_highP,13.68581067287392
16,12,0.0,0.0,0.0,0.0,0.0,0.0,False,False,False,False,,nan
16,13,0.0,0.0,0.0,0.0,0.0,0.0,False,False,False,False,,nan
16,14,0.0,0.0,0.0,0.0,0.0,0.0,False,False,False,False,,nan
16,15,0.0,0.0,0.0,0.0,0.0,0.0,False,False,False,False,,nan
17,0,-0.035,-1.0,0.0,0.035,0.0,1.0,False,False,False,False,,nan
17,1,0.18,0.0,1.0,-0.18,-1.0,0.0,True,False,False,False,G4_lowS_lowP,12.727977665485408
17,2,0.02,0.0,0.0,-0.02,0.0,0.0,True,False,True,False,G2_highS_lowP,11.799531959195075
17,3,0.025,-1.049999999999999,2.0,-0.025,-2.0,1.049999999999983,True,False,False,True,G3_lowS_highP,13.627350389601878
17,4,-0.03,0.0,0.0,0.045,0.0,0.0,False,True,True,False,G2_highS_lowP,13.580687819686041
17,5,0.025,0.0,0.0,-0.035,0.0,0.0,False,True,True,False,,nan
17,6,-0.085,-1.049999999999999,0.0,0.085,0.0,1.049999999999983,False,False,False,False,,nan
17,7,0.225,-1.049999999999999,3.099999999999966,-0.225,-3.099999999999998,1.049999999999983,False,False,False,False,,nan
17,8,0.21,0.0,3.049999999999983,-0.21,-3.049999999999999,0.0,False,True,False,False,G1_highS_highP,14.324006870991132
17,9,-0.075,-0.09999999999999787,0.0,0.075,0.0,0.0999999999999659,False,True,False,False,G1_highS_highP,15.597846599168149
17,10,-0.025,0.0,0.0,0.02,0.0,0.0,True,False,True,False,,nan
17,11,-0.435,-3.0,0.0,0.435,0.0,3.0,False,False,False,True,G3_lowS_highP,15.601336625997021
17,12,0.0,0.0,0.0,0.0,0.0,0.0,False,False,False,False,,nan
17,13,0.0,0.0,0.0,0.0,0.0,0.0,False,False,False,False,,nan
17,14,0.0,0.0,0.0,0.0,0.0,0.0,False,False,False,False,,nan
17,15,0.0,0.0,0.0,0.0,0.0,0.0,False,False,False,False,,nan
18,0,-0.275,-1.0,0.0,0.405,0.0,1.5,False,False,False,False,G3_lowS_highP,12.354246930806626
18,1,0.135,0.0,0.0,-0.1475,0.0,0.0,False,True,False,False,G2_highS_lowP,11.94314822420412
18,2,-0.01,0.0,0.0,0.01,0.0,0.0,True,False,True,False,G1_highS_highP,15.050762237755318
18,3,0.09,0.0,0.0,-0.1025,0.0,0.0,True,False,False,False,G1_highS_highP,13.339767288452121
18,4,-0.035,0.0,0.0,0.05,0.0,0.0,False,False,False,False,,nan
18,5,0.315,0.0,1.0,-0.4725,-1.5,0.0,True,False,False,False,G4_lowS_lowP,10.55625534894273
18,6,0.0,0.0,0.0,0.0,0.0,0.0,False,True,True,False,G2_highS_lowP,11.43040218321516
18,7,0.005,0.0,0.0,-0.005,0.0,0.0,True,True,True,False,G2_highS_lowP,11.034147453173013
18,8,-0.025,0.0,0.0,0.025,0.0,0.0,False,True,True,False,G2_highS_lowP,11.860111531569741
18,9,0.01,0.0,0.0,-0.0075,0.0,0.0,True,False,False,True,G3_lowS_highP,13.241505489098344
18,10,-0.065,0.0,0.0,0.08,0.0,0.0,False,False,False,True,G3_lowS_highP,15.870860334633672
18,11,-0.145,-0.049999999999998934,0.0,0.165,0.0,0.04999999999998295,False,False,False,True,G3_lowS_highP,14.628601105649944
18,12,0.0,0.0,0.0,0.0,0.0,0.0,False,False,False,False,,nan
18,13,0.0,0.0,0.0,0.0,0.0,0.0,False,False,False,False,,nan
18,14,0.0,0.0,0.0,0.0,0.0,0.0,False,False,False,False,,nan
18,15,0.0,0.0,0.0,0.0,0.0,0.0,False,False,False,False,,nan
19,0,0.0,0.0,0.0,0.0,0.0,0.0,False,False,False,False,G3_lowS_highP,13.337247311802733
19,1,0.0,0.0,0.0,0.0,0.0,0.0,True,False,False,False,,nan
19,2,0.0,0.0,0.0,0.0,0.0,0.0,True,False,False,False,G2_highS_lowP,12.297324601873644
19,3,0.0,0.0,0.0,0.0,0.0,0.0,False,True,True,False,,nan
19,4,0.0,0.0,0.0,0.0,0.0,0.0,False,True,True,False,G2_highS_lowP,11.955069597336884
19,5,0.0,0.0,0.0,0.0,0.0,0.0,False,True,False,False,G1_highS_highP,13.754122269628775
19,6,0.0,0.0,0.0,0.0,0.0,0.0,True,False,False,True,G3_lowS_highP,13.352930505659577
19,7,0.0,0.0,0.0,0.0,0.0,0.0,False,False,False,True,G3_lowS_highP,13.210225892073495
19,8,0.0,0.0,0.0,0.0,0.0,0.0,False,False,False,False,G2_highS_lowP,12.91289588107296
19,9,0.0,0.0,0.0,0.0,0.0,0.0,True,False,False,False,,nan
19,10,0.0,0.0,0.0,0.0,0.0,0.0,False,False,False,False,G4_lowS_lowP,12.635866072239434
19,11,0.0,0.0,0.0,0.0,0.0,0.0,False,True,True,False,G1_highS_highP,16.458367374663876
19,12,0.0,0.0,0.0,0.0,0.0,0.0,False,False,True,True,G1_highS_highP,14.34797418252113
19,13,0.0,0.0,0.0,0.0,0.0,0.0,False,False,False,False,,nan
19,14,0.0,0.0,0.0,0.0,0.0,0.0,False,False,False,False,,nan
19,15,0.0,0.0,0.0,0.0,0.0,0.0,False,False,False,False,,nan
20,0,-0.825,-5.0,2.0,0.825,-2.0,5.0,False,False,False,False,G4_lowS_lowP,10.955986092238215
20,1,0.29,-1.0,4.099999999999966,-0.29,-4.574999999999998,1.5,False,False,False,False,G2_highS_lowP,12.296548431186713
20,2,0.0,0.0,0.0,0.0,0.0,0.0,True,True,True,False,,nan
20,3,-0.035,-1.049999999999999,1.049999999999983,0.0625,-1.049999999999999,1.549999999999983,True,True,True,False,G1_highS_highP,12.453924419069022
20,4,0.005,-1.0,1.0,0.0025,-1.0249999999999995,1.0249999999999915,False,True,True,False,G1_highS_highP,12.796051350600253
20,5,-0.365,-4.0,0.0,0.365,0.0,4.0,True,False,False,False,,nan
20,6,0.17,-2.0,4.0,-0.1425,-4.0,2.0,False,False,False,True,G1_highS_highP,13.94085868380789
20,7,0.665,0.0,3.0,-0.665,-3.0,0.0,False,False,False,False,G4_lowS_lowP,11.85664991205515
20,8,-0.145,-2.0,1.0,0.1775,-1.0,2.5,True,False,True,False,,nan
20,9,0.135,0.0,2.0,-0.135,-2.0,0.0,False,True,False,False,G1_highS_highP,15.124528818321965
20,10,-1.25,-6.0,2.0,1.25,-2.0,6.0,False,False,False,True,G3_lowS_highP,13.59651837777254
20,11,1.355,-2.0,8.0,-1.45,-9.0,2.049999999999983,True,False,False,False,,nan
20,12,0.0,0.0,0.0,0.0,0.0,0.0,False,False,False,False,,nan
20,13,0.0,0.0,0.0,0.0,0.0,0.0,False,False,False,False,,nan
20,14,0.0,0.0,0.0,0.0,0.0,0.0,False,False,False,False,,nan
20,15,0.0,0.0,0.0,0.0,0.0,0.0,False,False,False,False,,nan
21,0,-0.26,-2.0,1.0,0.2175,-1.5,2.0,True,False,False,False,,nan
21,1,-0.035,-2.0,2.0,0.0575,-2.0,2.0,False,False,False,False,G2_highS_lowP,12.909288961766903
21,2,0.01,0.0,0.0,-0.01,0.0,0.0,False,True,True,False,G1_highS_highP,14.748105648459
21,3,0.075,-2.0,1.0,-0.0275,-1.0,2.5249999999999915,True,False,False,False,G4_lowS_lowP,10.205627110076836
21,4,-0.015,0.0,0.0,0.01,0.0,0.0,True,False,True,False,G4_lowS_lowP,10.474241084882006
21,5,-0.155,-1.049999999999999,0.0,0.2175,0.0,1.5749999999999744,True,False,False,True,G3_lowS_highP,13.801166167354925
21,6,0.13,0.0,0.0,-0.1375,0.0,0.0,False,False,False,False,G2_highS_lowP,11.88966182624552
21,7,-0.09,-1.0,0.0,0.09,0.0,1.0,False,True,False,False,G1_highS_highP,14.780894646135721
21,8,0.055,0.0,0.04999999999998295,-0.045,-0.049999999999998934,0.0,False,True,True,False,,nan
21,9,0.12,-1.0,2.0,-0.15,-2.0,1.0,True,False,False,True,G1_highS_highP,15.279451836064782
21,10,0.025,0.0,0.0,-0.03,0.0,0.0,False,True,True,False,G2_highS_lowP,13.561624253815532
21,11,0.125,-1.0,1.0,-0.1175,-1.0,1.0,True,False,False,False,G3_lowS_highP,13.824261159528987
21,12,0.015,-2.0,2.0,-0.075,-2.049999999999999,2.0,False,False,False,True,G3_lowS_highP,13.98599651623756
21,13,0.0,0.0,0.0,0.0,0.0,0.0,True,False,False,False,,nan
21,14,0.0,0.0,0.0,0.0,0.0,0.0,True,False,False,False,,nan
21,15,0.0,0.0,0.0,0.0,0.0,0.0,True,False,False,False,,nan
22,0,0.955,0.0,3.0,-0.955,-3.0,0.0,False,False,False,False,G2_highS_lowP,11.430358741313267
22,1,-0.135,-2.0,1.049999999999983,0.17,-1.5249999999999995,3.0,False,False,False,False,G4_lowS_lowP,11.855344271360757
22,2,-0.725,-5.049999999999999,0.04999999999998295,0.755,-0.049999999999998934,5.549999999999983,False,False,False,False,G1_highS_highP,12.770320545792158
22,3,-0.045,-4.0,3.0,0.025,-3.5,4.0,True,False,False,False,G4_lowS_lowP,10.895460730714525
22,4,-0.045,-1.0,0.04999999999998295,0.0625,-0.0749999999999984,1.5,True,False,False,False,,nan
22,5,0.165,0.0,2.0,-0.215,-3.0,0.0,True,False,True,True,G1_highS_highP,16.717421427936447
22,6,-0.025,0.0,0.0,0.04,0.0,0.0,False,True,True,False,G1_highS_highP,14.113314728694572
22,7,-0.19,-2.0,2.0,0.19,-2.0,2.0,False,False,False,True,G3_lowS_highP,12.879692910781896
22,8,0.055,-2.049999999999999,2.0,-0.0775,-3.0,3.0249999999999915,False,True,False,False,G1_highS_highP,12.812931823765574
22,9,0.005,-1.0,0.0999999999999659,-0.0025,-0.1499999999999968,1.0249999999999915,False,True,True,False,G1_highS_highP,14.638073297714795
22,10,-0.045,0.0,0.0,0.0375,0.0,0.0,False,True,True,False,,nan
22,11,0.03,-0.049999999999998934,1.0,-0.03,-1.0,0.04999999999998295,True,False,False,False,G4_lowS_lowP,10.236668665059128
22,12,0.0,0.0,0.0,0.0,0.0,0.0,False,False,False,False,,nan
22,13,0.0,0.0,0.0,0.0,0.0,0.0,False,False,False,False,,nan
22,14,0.0,0.0,0.0,0.0,0.0,0.0,False,False,False,False,,nan
22,15,0.0,0.0,0.0,0.0,0.0,0.0,False,False,False,False,,nan
23,0,-0.22,-2.0,0.0,0.22,0.0,2.0,False,False,False,True,G3_lowS_highP,14.846421640586343
23,1,0.05,-1.0,1.049999999999983,-0.065,-1.049999999999999,1.0,False,False,False,False,,nan
23,2,0.115,-0.049999999999998934,3.0,-0.1375,-3.5,0.04999999999998295,False,False,False,False,,nan
23,3,-0.165,-5.049999999999999,2.049999999999983,0.19,-2.5249999999999995,6.049999999999983,True,False,False,False,G3_lowS_highP,13.726644370968504
23,4,0.01,0.0,0.0,-0.02,0.0,0.0,True,True,True,False,,nan
23,5,0.0,0.0,0.0,0.0,0.0,0.0,False,True,True,False,G2_highS_lowP,13.302250306228652
23,6,-0.355,-4.0,0.0,0.4125,0.0,5.0,False,False,False,False,,nan
23,7,0.775,0.0,3.0,-0.8725,-3.5,0.0,False,False,False,False,,nan
23,8,0.0,0.0,0.0,0.01,0.0,0.0,False,True,True,False,G2_highS_lowP,11.972158802286575
23,9,0.005,-1.0,1.0,-0.0075,-1.0,1.0,True,False,False,False,,nan
23,10,-0.13,-3.0,1.0,0.16,-1.5,3.5,True,False,False,True,G3_lowS_highP,14.188402886360555
23,11,-0.095,-2.0,2.0,0.1125,-2.0,2.0,False,True,True,False,G1_highS_highP,13.708267159683876
23,12,0.01,-1.049999999999999,2.0,-0.0025,-2.0,1.5249999999999915,False,False,False,False,G2_highS_lowP,11.233912374742173
23,13,0.0,0.0,0.0,0.0,0.0,0.0,False,False,False,False,,nan
23,14,0.0,0.0,0.0,0.0,0.0,0.0,False,False,False,False,,nan
23,15,0.0,0.0,0.0,0.0,0.0,0.0,False,False,False,False,,nan
24,0,0.365,0.0,3.0,-0.365,-3.0,0.0,True,False,False,False,G4_lowS_lowP,9.620593996816144
24,1,0.045,-2.0,3.0,-0.045,-3.0,2.0,True,False,False,True,G3_lowS_highP,12.795424751156999
24,2,0.115,0.0,0.0,-0.1175,0.0,0.0,False,True,False,False,,nan
24,3,0.06,0.0,0.0,-0.065,0.0,0.0,True,False,False,False,,nan
24,4,-0.165,-2.0,0.0,0.1875,0.0,2.5,True,False,False,False,G2_highS_lowP,9.595262578853017
24,5,0.02,-0.049999999999998934,0.0,-0.02,0.0,0.04999999999998295,False,True,True,False,G1_highS_highP,14.348656812663364
24,6,0.03,0.0,0.0,-0.0375,0.0,0.0,True,False,True,False,,nan
24,7,0.12,0.0,1.0,-0.1425,-1.0,0.0,True,True,True,False,,nan
24,8,-0.395,-2.0,0.0,0.395,0.0,2.0,True,False,False,True,G4_lowS_lowP,11.105303031508205
24,9,0.195,-1.0,3.0,-0.195,-3.0,1.0,False,False,False,False,G1_highS_highP,13.137634182862895
24,10,0.035,0.0,0.0,-0.045,0.0,0.0,True,True,True,False,,nan
24,11,-0.425,-5.0,1.0,0.45,-1.0,5.0,False,False,False,False,G1_highS_highP,12.603340917847051
24,12,0.0,0.0,0.0,0.0,0.0,0.0,True,False,False,False,,nan
24,13,0.0,0.0,0.0,0.0,0.0,0.0,True,False,False,False,,nan
24,14,0.0,0.0,0.0,0.0,0.0,0.0,True,False,False,False,,nan
24,15,0.0,0.0,0.0,0.0,0.0,0.0,True,False,False,False,,nan
25,0,0.24,0.0,3.0,-0.305,-4.0,0.0,False,False,False,False,G4_lowS_lowP,11.125806040978839
25,1,0.01,0.0,0.0,-0.02,0.0,0.0,True,True,True,False,G1_highS_highP,12.717673968363837
25,2,0.01,0.0,0.0,-0.01,0.0,0.0,False,True,True,False,G1_highS_highP,13.709758854691438
25,3,-0.08,0.0,0.0,0.11,0.0,0.0,False,False,False,False,,nan
25,4,-0.07,0.0,0.0,0.095,0.0,0.0,True,False,False,True,G1_highS_highP,15.766892139965064
25,5,-0.185,0.0,0.0,0.2325,0.0,0.0,False,False,False,False,G1_highS_highP,14.145874893563189
25,6,0.01,0.0,0.0,-0.015,0.0,0.0,False,True,True,False,,nan
25,7,-0.055,-1.0,0.0,0.075,0.0,1.5,False,False,False,True,G3_lowS_highP,13.513116797366706
25,8,0.01,0.0,0.0,-0.0125,0.0,0.0,False,True,True,False,G1_highS_highP,16.50953708540527
25,9,0.03,0.0,0.0,-0.0425,0.0,0.0,True,False,False,False,G4_lowS_lowP,12.369436468005336
25,10,0.05,0.0,0.0,-0.0625,0.0,0.0,True,False,False,False,G4_lowS_lowP,10.945547126244623
25,11,-0.055,0.0,0.0,0.065,0.0,0.0,False,False,False,False,,nan
25,12,0.085,0.0,0.0,-0.11,0.0,0.0,False,False,False,False,G2_highS_lowP,11.923968321809083
25,13,0.0,0.0,0.0,0.0,0.0,0.0,False,False,False,False,,nan
25,14,0.0,0.0,0.0,0.0,0.0,0.0,False,False,False,False,,nan
25,15,0.0,0.0,0.0,0.0,0.0,0.0,False,False,False,False,,nan
26,0,0.0,0.0,0.0,0.0,0.0,0.0,False,False,False,False,,nan
26,1,0.0,0.0,0.0,0.0,0.0,0.0,False,False,False,False,,nan
26,2,0.0,0.0,0.0,0.0,0.0,0.0,True,False,False,True,G3_lowS_highP,14.623100535121552
26,3,0.0,0.0,0.0,0.0,0.0,0.0,False,True,False,False,G2_highS_lowP,10.686841000982222
26,4,0.035,0.0,0.0,-0.01,0.0,0.0,False,False,False,True,G3_lowS_highP,12.01486371274631
26,5,0.11,0.0,1.0,-0.035,-1.0,0.0,True,False,True,False,G4_lowS_lowP,9.771098364490383
26,6,-0.235,-1.0,0.0,0.06,0.0,1.0,True,True,True,False,G2_highS_lowP,11.443532513461937
26,7,0.0,0.0,0.0,0.0,0.0,0.0,False,False,False,False,,nan
26,8,0.03,0.0,0.0,-0.005,0.0,0.0,True,True,True,False,G1_highS_highP,12.136679694021883
26,9,0.06,0.0,0.0,-0.01,0.0,0.0,False,True,True,False,G1_highS_highP,13.265316743504057
26,10,0.0,0.0,0.0,0.0,0.0,0.0,False,False,False,False,,nan
26,11,0.0,0.0,0.0,0.0,0.0,0.0,False,False,False,False,,nan
26,12,0.0,0.0,0.0,0.0,0.0,0.0,False,False,False,False,,nan
26,13,0.0,0.0,0.0,0.0,0.0,0.0,False,False,False,False,,nan
26,14,0.0,0.0,0.0,0.0,0.0,0.0,False,False,False,False,,nan
26,15,0.0,0.0,0.0,0.0,0.0,0.0,False,False,False,False,,nan
27,0,-0.005,0.0,0.0,0.005,0.0,0.0,False,True,True,False,G2_highS_lowP,10.753424783860263
27,1,0.0,0.0,0.0,0.0,0.0,0.0,False,False,False,True,G1_highS_highP,13.982027883213261
27,2,0.01,0.0,0.0,-0.01,0.0,0.0,False,False,False,False,,nan
27,3,-0.02,0.0,0.0,0.02,0.0,0.0,False,False,False,False,G4_lowS_lowP,11.168094390398915
27,4,0.005,0.0,0.0,-0.005,0.0,0.0,True,True,True,False,G2_highS_lowP,11.30756043500766
27,5,0.0,0.0,0.0,0.0,0.0,0.0,False,False,False,False,G4_lowS_lowP,8.051340933292979
27,6,0.0,0.0,0.0,0.0,0.0,0.0,False,False,False,False,,nan
27,7,0.0,0.0,0.0,0.0,0.0,0.0,True,False,True,False,G3_lowS_highP,13.54989651869417
27,8,0.005,0.0,0.0,-0.005,0.0,0.0,False,True,False,False,G1_highS_highP,13.33131063651578
27,9,0.0,0.0,0.0,0.0,0.0,0.0,True,False,False,True,G3_lowS_highP,13.755134030369922
27,10,0.005,0.0,0.0,-0.005,0.0,0.0,False,True,False,True,G1_highS_highP,15.00754305975612
27,11,0.005,0.0,0.0,-0.005,0.0,0.0,True,False,True,True,G1_highS_highP,14.7420058457994
27,12,-0.005,0.0,0.0,0.005,0.0,0.0,True,False,False,True,G4_lowS_lowP,11.530372378573949
27,13,0.0,0.0,0.0,0.0,0.0,0.0,False,False,False,False,,nan
27,14,0.0,0.0,0.0,0.0,0.0,0.0,False,False,False,False,,nan
27,15,0.0,0.0,0.0,0.0,0.0,0.0,False,False,False,False,,nan
28,0,-0.04,-2.0,2.0,0.04,-2.0,2.0,False,False,False,False,G4_lowS_lowP,12.65860262081467
28,1,0.125,0.0,0.0,-0.125,0.0,0.0,False,False,False,False,G2_highS_lowP,12.480395884778964
28,2,-0.085,-0.049999999999998934,0.0,0.095,0.0,1.0,True,True,True,False,G2_highS_lowP,11.69640468474707
28,3,0.215,-1.0,1.0,-0.215,-1.0,1.0,True,False,False,False,,nan
28,4,0.525,-2.0,3.0,-0.525,-3.0,2.0,False,False,False,True,G3_lowS_highP,15.098630345845725
28,5,-0.51,-4.0,0.0,0.51,0.0,4.0,False,True,False,False,,nan
28,6,0.01,0.0,0.0,-0.01,0.0,0.0,True,False,True,True,G3_lowS_highP,13.41180989231159
28,7,-0.215,-1.0,1.0,0.215,-1.0,1.0,False,False,False,False,,nan
28,8,-0.005,0.0,0.0,0.005,0.0,0.0,False,False,False,False,,nan
28,9,0.12,0.0,0.0,-0.14,0.0,0.0,False,True,True,False,G1_highS_highP,14.940711871278285
28,10,-0.09,-2.0,1.0,0.09,-1.0,2.0,False,False,False,False,G1_highS_highP,12.957059396778948
28,11,-0.05,0.0,0.0,0.06,0.0,0.0,True,True,True,False,,nan
28,12,0.0,0.0,0.0,0.0,0.0,0.0,False,False,False,False,,nan
28,13,0.0,0.0,0.0,0.0,0.0,0.0,False,False,False,False,,nan
28,14,0.0,0.0,0.0,0.0,0.0,0.0,False,False,False,False,,nan
28,15,0.0,0.0,0.0,0.0,0.0,0.0,False,False,False,False,,nan
29,0,-0.135,-2.0,1.0,0.135,-1.0,2.0,False,False,False,False,G4_lowS_lowP,9.814929525554337
29,1,0.175,0.0,1.049999999999983,-0.175,-1.049999999999999,0.0,True,False,False,True,G3_lowS_highP,12.155915547532238
29,2,-0.575,-7.0,0.0,0.5825,0.0,7.0,False,False,False,False,G4_lowS_lowP,11.87576834800394
29,3,0.01,0.0,0.0,0.0225,0.0,0.0,True,False,True,True,G3_lowS_highP,14.68421480096115
29,4,-0.005,0.0,0.0,0.045,0.0,0.0,False,True,False,False,G2_highS_lowP,11.184490840031483
29,5,-0.345,-2.0,0.0,0.345,0.0,2.0,False,False,False,False,,nan
29,6,0.175,0.0,2.049999999999983,-0.175,-2.049999999999999,0.0,False,False,False,False,,nan
29,7,-0.03,0.0,0.0,0.015,0.0,0.0,False,True,False,False,G1_highS_highP,12.835526281192887
29,8,-0.03,0.0,0.0,0.0425,0.0,0.0,False,True,True,False,,nan
29,9,0.22,0.0,1.0,-0.235,-1.5,0.0,False,False,False,False,G1_highS_highP,13.045519049456951
29,10,0.205,0.0,0.0,-0.2875,0.0,0.0,True,False,True,False,,nan
29,11,-0.015,0.0,0.0,0.03,0.0,0.0,False,True,True,False,G1_highS_highP,13.026737547787842
29,12,0.58,0.0,3.0,-0.58,-3.0,0.0,True,False,False,False,,nan
29,13,-0.2,-2.099999999999998,1.0,0.2025,-1.0,2.5749999999999744,False,False,False,False,G2_highS_lowP,10.8092429824949
29,14,-0.03,-1.049999999999999,1.0,0.0325,-1.0,1.049999999999983,False,False,False,True,G1_highS_highP,13.86269371730713
29,15,0.0,0.0,0.0,0.0,0.0,0.0,False,False,False,False,,nan
30,0,-0.05,-1.0,0.04999999999998295,0.05,-0.049999999999998934,1.0,False,False,False,False,,nan
30,1,0.015,0.0,0.0,-0.015,0.0,0.0,True,False,False,False,,nan
30,2,0.015,0.0,0.0,-0.0125,0.0,0.0,False,False,False,False,G2_highS_lowP,10.777329968145445
30,3,0.005,0.0,0.0,-0.0075,0.0,0.0,True,False,False,False,,nan
30,4,-0.005,0.0,0.0,0.0075,0.0,0.0,False,False,False,True,G3_lowS_highP,14.987526022856747
30,5,-0.01,0.0,0.0,0.015,0.0,0.0,False,False,True,False,G2_highS_lowP,12.103064915455944
30,6,-0.005,0.0,0.0,0.005,0.0,0.0,True,False,True,False,G4_lowS_lowP,13.39845908643119
30,7,-0.06,0.0,0.0,0.0825,0.0,0.0,True,False,True,False,,nan
30,8,0.14,0.0,1.049999999999983,-0.155,-1.0749999999999984,0.0,False,False,False,False,G1_highS_highP,14.420896989916711
30,9,0.02,0.0,0.0,-0.01,0.0,0.0,False,False,False,False,G4_lowS_lowP,12.91220268289784
30,10,0.05,0.0,0.0,-0.065,0.0,0.0,False,True,False,False,G1_highS_highP,14.4970850323316
30,11,0.09,0.0,0.0,-0.14,0.0,0.0,False,True,False,False,G1_highS_highP,17.781397595600144
30,12,-0.175,-2.0,0.0,0.19,0.0,2.0,False,True,False,False,,nan
30,13,0.0,0.0,0.0,0.01,0.0,0.0,False,False,False,True,G3_lowS_highP,13.494854779117288
30,14,-0.03,0.0,0.0,0.045,0.0,0.0,False,True,True,False,,nan
30,15,0.0,0.0,0.0,0.0,0.0,0.0,False,False,False,False,,nan
31,0,0.0,0.0,0.0,0.0,0.0,0.0,False,True,False,False,,nan
31,1,0.0,0.0,0.0,0.0,0.0,0.0,False,False,False,False,G4_lowS_lowP,9.945253101768596
31,2,-0.145,-2.0,2.0,0.1625,-2.5,2.5,False,False,False,False,G2_highS_lowP,12.059479171288299
31,3,0.155,-1.049999999999999,2.0,-0.1775,-2.5,1.549999999999983,False,False,False,False,,nan
31,4,0.015,-1.0,1.0,-0.055,-3.0,1.0,True,False,False,False,G4_lowS_lowP,11.969444838900891
31,5,-0.015,-1.0,1.0,0.035,-1.0,3.0,True,False,True,False,G2_highS_lowP,9.531191227694439
31,6,0.0,0.0,0.0,-0.01,0.0,0.0,False,True,True,False,G2_highS_lowP,12.877582416610078
31,7,0.0,0.0,0.0,0.0,0.0,0.0,False,False,False,False,,nan
31,8,-0.01,-1.0,1.0,0.015,-1.5,1.5,False,False,False,False,G3_lowS_highP,13.603902713793227
31,9,0.0,0.0,0.0,0.0,0.0,0.0,False,False,False,True,G1_highS_highP,15.079233531295971
31,10,0.0,0.0,0.0,0.0,0.0,0.0,False,False,False,False,G1_highS_highP,13.26024529276611
31,11,0.0,0.0,0.0,0.03,0.0,0.0,False,True,True,False,G1_highS_highP,18.95656313838537
31,12,0.0,0.0,0.0,0.0,0.0,0.0,False,False,False,True,G3_lowS_highP,13.847416118975259
31,13,0.0,0.0,0.0,0.0,0.0,0.0,True,False,False,True,G3_lowS_highP,14.83535918174588
31,14,0.0,0.0,0.0,0.0,0.0,0.0,False,False,False,False,,nan
31,15,0.0,0.0,0.0,0.0,0.0,0.0,True,True,True,False,,nan
32,0,0.0,0.0,0.0,0.0,0.0,0.0,False,False,False,True,G3_lowS_highP,13.353416366484302
32,1,0.0,0.0,0.0,0.0,0.0,0.0,False,False,False,False,G2_highS_lowP,12.146694122010674
32,2,0.0,0.0,0.0,0.0,0.0,0.0,False,False,False,False,,nan
32,3,0.0,0.0,0.0,0.0,0.0,0.0,True,False,False,True,G3_lowS_highP,13.901306529981758
32,4,0.0,0.0,0.0,0.0,0.0,0.0,False,True,True,False,,nan
32,5,0.0,0.0,0.0,0.0,0.0,0.0,False,False,False,False,,nan
32,6,0.0,0.0,0.0,0.0,0.0,0.0,False,True,False,False,G2_highS_lowP,11.94292057082167
32,7,0.0,0.0,0.0,0.0,0.0,0.0,False,False,False,False,,nan
32,8,0.0,0.0,0.0,0.0,0.0,0.0,True,True,True,False,G1_highS_highP,16.006208102714275
32,9,0.0,0.0,0.0,0.0,0.0,0.0,False,False,False,False,G1_highS_highP,16.802467742797443
32,10,0.0,0.0,0.0,0.0,0.0,0.0,True,False,False,False,,nan
32,11,0.0,0.0,0.0,0.0,0.0,0.0,False,False,False,False,G4_lowS_lowP,12.44382102523287
32,12,0.0,0.0,0.0,0.0,0.0,0.0,True,False,True,False,,nan
32,13,0.0,0.0,0.0,0.0,0.0,0.0,False,True,True,False,,nan
32,14,0.0,0.0,0.0,0.0,0.0,0.0,False,False,False,False,,nan
32,15,0.0,0.0,0.0,0.0,0.0,0.0,False,False,False,False,,nan
33,0,0.04,0.0,0.04999999999998295,-0.065,-0.0749999999999984,0.0,True,False,False,True,G1_highS_highP,14.388634132162913
33,1,-0.22,-2.0,0.04999999999998295,0.3475,-0.049999999999998934,3.5,True,False,False,True,G3_lowS_highP,10.77680815095747
33,2,-0.12,-2.0,0.0,0.2025,0.0,3.5,True,False,False,False,,nan
33,3,-0.025,0.0,0.0,0.025,0.0,0.0,False,True,False,False,G2_highS_lowP,10.295698544965877
33,4,-0.075,-0.049999999999998934,0.0,0.075,0.0,0.04999999999998295,True,False,False,True,G1_highS_highP,15.663415140779902
33,5,-0.03,0.0,0.0,0.03,0.0,0.0,True,True,True,False,G1_highS_highP,12.91050342616059
33,6,0.04,0.0,0.0,-0.04,0.0,0.0,True,False,True,False,,nan
33,7,0.04,0.0,0.0,-0.04,0.0,0.0,True,False,True,False,,nan
33,8,-0.02,-1.0,1.0,0.0275,-1.5,1.5,False,False,False,False,G4_lowS_lowP,10.48559143430275
33,9,0.405,0.0,4.0,-0.6275,-6.0,0.0,False,False,False,False,,nan
33,10,0.01,0.0,0.0,-0.0125,0.0,0.0,False,False,False,False,,nan
33,11,-0.03,-1.0,0.0,0.06,0.0,1.5,False,True,False,False,,nan
33,12,-0.015,0.0,0.0,0.0175,0.0,0.0,False,True,True,False,,nan
33,13,0.0,0.0,0.0,0.0,0.0,0.0,False,False,False,False,,nan
33,14,0.0,0.0,0.0,0.0,0.0,0.0,False,False,False,False,,nan
33,15,0.0,0.0,0.0,0.0,0.0,0.0,False,False,False,False,,nan
34,0,-0.395,-2.0,0.0,0.58,0.0,3.0,False,False,False,False,G4_lowS_lowP,12.016484752744175
34,1,-0.61,-6.0,1.0,0.7,-1.0,6.5249999999999915,False,False,False,False,G2_highS_lowP,12.697926436794397
34,2,-0.05,0.0,0.0,0.0575,0.0,0.0,False,False,False,False,,nan
34,3,-0.16,-2.0,0.0,0.21,0.0,2.049999999999983,False,False,False,True,G3_lowS_highP,13.85522345766619
34,4,0.075,0.0,0.0,-0.095,0.0,0.0,False,True,True,False,G2_highS_lowP,10.745377961834032
34,5,0.495,0.0,5.0,-0.595,-6.0,0.0,True,False,False,True,G3_lowS_highP,13.88163344832581
34,6,0.015,0.0,0.0,-0.03,0.0,0.0,False,True,True,False,G1_highS_highP,13.300156362344556
34,7,0.18,-1.0,3.0,-0.2575,-3.5,1.0,False,False,False,False,,nan
34,8,0.04,-1.0,1.0,-0.08,-1.5,1.0,True,False,False,True,G3_lowS_highP,15.49015495589807
34,9,0.41,0.0,6.0,-0.4825,-7.0,0.0,True,False,False,False,G1_highS_highP,13.665437387120237
34,10,0.05,0.0,0.0,-0.0425,0.0,0.0,False,True,True,False,G2_highS_lowP,12.487488878546145
34,11,0.225,-0.049999999999998934,3.0,-0.26,-3.0,0.04999999999998295,False,False,False,False,,nan
34,12,-0.115,-3.049999999999999,1.0,0.105,-1.5,3.049999999999983,False,True,False,False,,nan
34,13,-0.16,0.0,0.0,0.19,0.0,0.0,True,False,True,False,,nan
34,14,0.0,0.0,0.0,0.0,0.0,0.0,False,False,False,False,,nan
34,15,0.0,0.0,0.0,0.0,0.0,0.0,False,False,False,False,,nan
